Workbook

Sheet RESUMEN
A1: ADF4351 PLL — TABLA DE REGISTROS INTERACTIVA
A2: Modificar los bits en cada hoja R0–R5. El valor hexadecimal final se actualiza automáticamente.
A4: Reg | B4: Control Bits | C4: Bits Editables | D4: Valor Decimal | E4: Hexadecimal | J4: Campos principales | K4: Hoja
A5: 0 | B5: 3 | C5: 29 | D5: =R0!D7 -> 3801248 | E5: =R0!Q7 -> 0x003A00A0 | J5: INT[15:0], FRAC[11:0] | K5: R0
A6: 1 | B6: 6 | C6: 26 | D6: ='R1'!D10 -> 134251297 | E6: ='R1'!Q10 -> 0x08008321 | J6: Phase Adj, Prescaler, PHASE[11:0], MOD[11:0] | K6: R1
A7: 2 | B7: 6 | C7: 26 | D7: ='R2'!D22 -> 1610629154 | E7: ='R2'!Q22 -> 0x60004022 | J7: Noise Mode, MuxOut[2:0], REF Doubler, RDIV2, R Counter[9:0], CP 3-State, Anti-Backlash, Charge Cancel, SD Reset, LDF, LDP, PD Polarity, Power Down, Counter Reset | K7: R2
A8: 3 | B8: 14 | C8: 18 | D8: ='R3'!D14 -> 3 | E8: ='R3'!Q14 -> 0x00000003 | J8: Band Sel Clk Mode, ABP, Charge Cancel, CSR Enable, CLK DIV Mode[1:0], CLK DIV[11:0] | K8: R3
A9: 4 | B9: 11 | C9: 21 | D9: ='R4'!D16 -> 10813500 | E9: ='R4'!Q16 -> 0x00A5003C | J9: Feedback Select, RF Div Select[2:0], Band Sel Div[7:0], VCO Power Down, MTLD, Aux Output En, Aux Output Sel, Aux Output Pwr[1:0], RF Output Enable, Output Power[1:0] | K9: R4
A10: 5 | B10: 30 | C10: 2 | D10: ='R5'!D10 -> 4587525 | E10: ='R5'!Q10 -> 0x00460005 | J10: LD Pin Mode[1:0] | K10: R5
A11: INSTRUCCIONES: Ir a cada hoja R0–R5 → cambiar los bits AZULES (solo 0 o 1) → el HEX de esta tabla y de la hoja se actualiza solo. Bits GRISES son fijos (dirección de registro).

Sheet R0
A1: ADF4351 ▸ Reg 0 — N Divider (editar bits azules → hex se actualiza automáticamente)
A2: Campo / Bits | B2: 31 | C2: 30 | D2: 29 | E2: 28 | F2: 27 | G2: 26 | H2: 25 | I2: 24 | J2: 23 | K2: 22 | L2: 21 | M2: 20 | N2: 19 | O2: 18 | P2: 17 | Q2: 16 | R2: 15 | S2: 14 | T2: 13 | U2: 12 | V2: 11 | W2: 10 | X2: 9 | Y2: 8 | Z2: 7 | AA2: 6 | AB2: 5 | AC2: 4 | AD2: 3 | AE2: 2 | AF2: 1 | AG2: 0 | AH2: Nombre del campo | AI2: Descripción (valores válidos)
A3: INT[15:0] | B3: 0 | C3: 0 | D3: 0 | E3: 0 | F3: 0 | G3: 0 | H3: 0 | I3: 0 | J3: 0 | K3: 0 | L3: 1 | M3: 1 | N3: 1 | O3: 0 | P3: 1 | Q3: 0 | AH3: INT[15:0] | AI3: Integer part of N divider (23–65535 with P=4/5)
A4: FRAC[11:0] | R4: 0 | S4: 0 | T4: 0 | U4: 0 | V4: 0 | W4: 0 | X4: 0 | Y4: 0 | Z4: 1 | AA4: 0 | AB4: 1 | AC4: 0 | AD4: 0 | AH4: FRAC[11:0] | AI4: Fractional part: F_out=(INT+FRAC/MOD)×fPD/DIV
A5: CTRL[2:0] | AE5: 0 | AF5: 0 | AG5: 0 | AH5: CTRL[2:0] | AI5: Register address = 000 (fixed)
A7: ▶ VALOR DECIMAL | D7: =B3*2147483648+C3*1073741824+D3*536870912+E3*268435456+F3*134217728+G3*67108864+H3*33554432+I3*16777216+J3*8388608+K3*4194304+L3*2097152+M3*1048576+N3*524288+O3*262144+P3*131072+Q3*65536+R4*32768+S4*16384+T4*8192+U4*4096+V4*2048+W4*1024+X4*512+Y4*256+Z4*128+AA4*64+AB4*32+AC4*16+AD4*8+AE5*4+AF5*2+AG5*1 -> 3801248 | N7: ▶ HEXA | Q7: ="0x"&DEC2HEX(D7,8) -> 0x003A00A0
A8: 🔵 Azul = bit editable (0 o 1) ⬜ Gris = fijo (no modificar) ↺ El valor HEX se recalcula automáticamente al cambiar cualquier bit azul

Sheet R1
A1: ADF4351 ▸ Reg 1 — MOD/PHASE (editar bits azules → hex se actualiza automáticamente)
A2: Campo / Bits | B2: 31 | C2: 30 | D2: 29 | E2: 28 | F2: 27 | G2: 26 | H2: 25 | I2: 24 | J2: 23 | K2: 22 | L2: 21 | M2: 20 | N2: 19 | O2: 18 | P2: 17 | Q2: 16 | R2: 15 | S2: 14 | T2: 13 | U2: 12 | V2: 11 | W2: 10 | X2: 9 | Y2: 8 | Z2: 7 | AA2: 6 | AB2: 5 | AC2: 4 | AD2: 3 | AE2: 2 | AF2: 1 | AG2: 0 | AH2: Nombre del campo | AI2: Descripción (valores válidos)
A3: Reserved | B3: 0 | C3: 0 | D3: 0 | AH3: Reserved | AI3: Write 0
A4: Phase Adj | E4: 0 | AH4: Phase Adj | AI4: 0=OFF, 1=ON (phase adjust on freq change)
A5: Prescaler | F5: 1 | AH5: Prescaler | AI5: 0=8/9 (INT≥75), 1=4/5 (INT≥23, f<3GHz)
A6: PHASE[11:0] | G6: 0 | H6: 0 | I6: 0 | J6: 0 | K6: 0 | L6: 0 | M6: 0 | N6: 0 | O6: 0 | P6: 0 | Q6: 0 | R6: 1 | AH6: PHASE[11:0] | AI6: Phase word (1 = default/recommended)
A7: MOD[11:0] | S7: 0 | T7: 0 | U7: 0 | V7: 0 | W7: 0 | X7: 1 | Y7: 1 | Z7: 0 | AA7: 0 | AB7: 1 | AC7: 0 | AD7: 0 | AH7: MOD[11:0] | AI7: Modulus 2–4095. fRES = fPD / MOD
A8: CTRL[2:0] | AE8: 0 | AF8: 0 | AG8: 1 | AH8: CTRL[2:0] | AI8: Register address = 001 (fixed)
A10: ▶ VALOR DECIMAL | D10: =B3*2147483648+C3*1073741824+D3*536870912+E4*268435456+F5*134217728+G6*67108864+H6*33554432+I6*16777216+J6*8388608+K6*4194304+L6*2097152+M6*1048576+N6*524288+O6*262144+P6*131072+Q6*65536+R6*32768+S7*16384+T7*8192+U7*4096+V7*2048+W7*1024+X7*512+Y7*256+Z7*128+AA7*64+AB7*32+AC7*16+AD7*8+AE8*4+AF8*2+AG8*1 -> 134251297 | N10: ▶ HEXA | Q10: ="0x"&DEC2HEX(D10,8) -> 0x08008321
A11: 🔵 Azul = bit editable (0 o 1) ⬜ Gris = fijo (no modificar) ↺ El valor HEX se recalcula automáticamente al cambiar cualquier bit azul

Sheet R2
A1: ADF4351 ▸ Reg 2 — Charge Pump & Noise (editar bits azules → hex se actualiza automáticamente)
A2: Campo / Bits | B2: 31 | C2: 30 | D2: 29 | E2: 28 | F2: 27 | G2: 26 | H2: 25 | I2: 24 | J2: 23 | K2: 22 | L2: 21 | M2: 20 | N2: 19 | O2: 18 | P2: 17 | Q2: 16 | R2: 15 | S2: 14 | T2: 13 | U2: 12 | V2: 11 | W2: 10 | X2: 9 | Y2: 8 | Z2: 7 | AA2: 6 | AB2: 5 | AC2: 4 | AD2: 3 | AE2: 2 | AF2: 1 | AG2: 0 | AH2: Nombre del campo | AI2: Descripción (valores válidos)
A3: Reserved | B3: 0 | AH3: Reserved | AI3: Write 0
A4: Noise Mode | C4: 1 | D4: 1 | AH4: Noise Mode | AI4: 00=Low Noise, 11=Low Spur (Dither ON)
A5: MuxOut[2:0] | E5: 0 | F5: 0 | G5: 0 | AH5: MuxOut[2:0] | AI5: 000=3-state,001=DVdd,010=GND,011=R-div,100=N-div,101=Analog LD,110=Digital LD
A6: REF Doubler | H6: 0 | AH6: REF Doubler | AI6: 0=OFF, 1=fREF×2
A7: RDIV2 | I7: 0 | AH7: RDIV2 | AI7: 0=OFF, 1=fREF÷2 before R counter
A8: R Counter[9:0] | J8: 0 | K8: 0 | L8: 0 | M8: 0 | N8: 0 | O8: 0 | P8: 0 | Q8: 0 | R8: 0 | S8: 1 | AH8: R Counter[9:0] | AI8: Reference divider R (1–1023). fPD=fREF/R
A9: CP 3-State | T9: 0 | AH9: CP 3-State | AI9: 0=Normal, 1=CP high-Z (loop open)
A10: Anti-Backlash | U10: 0 | AH10: Anti-Backlash | AI10: 0=6ns (Frac-N), 1=3ns (Int-N)
A11: Charge Cancel | V11: 0 | AH11: Charge Cancel | AI11: 0=OFF, 1=ON (Int-N only)
A12: Reserved | W12: 0 | X12: 0 | AH12: Reserved | AI12: Write 00
A13: SD Reset | Y13: 0 | AH13: SD Reset | AI13: 0=Normal, 1=Σ-Δ reset (disables Frac-N)
A14: LDF | Z14: 0 | AH14: LDF | AI14: 0=Frac-N lock detect, 1=Int-N
A15: LDP | AA15: 0 | AH15: LDP | AI15: 0=10ns, 1=6ns lock detect precision
A16: PD Polarity | AB16: 1 | AH16: PD Polarity | AI16: 0=Negative, 1=Positive (use 1 with ADF4351)
A17: Power Down | AC17: 0 | AH17: Power Down | AI17: 0=Normal, 1=Power down (~7µA)
A18: CP 3-State b3 | AD18: 0 | AH18: CP 3-State b3 | AI18: 0=Normal (write 0)
A19: Counter Reset | AE19: 0 | AH19: Counter Reset | AI19: 0=Normal, 1=Reset R & N counters
A20: CTRL[1:0] | AF20: 1 | AG20: 0 | AH20: CTRL[1:0] | AI20: Register address = 10 (fixed)
A22: ▶ VALOR DECIMAL | D22: =B3*2147483648+C4*1073741824+D4*536870912+E5*268435456+F5*134217728+G5*67108864+H6*33554432+I7*16777216+J8*8388608+K8*4194304+L8*2097152+M8*1048576+N8*524288+O8*262144+P8*131072+Q8*65536+R8*32768+S8*16384+T9*8192+U10*4096+V11*2048+W12*1024+X12*512+Y13*256+Z14*128+AA15*64+AB16*32+AC17*16+AD18*8+AE19*4+AF20*2+AG20*1 -> 1610629154 | N22: ▶ HEXA | Q22: ="0x"&DEC2HEX(D22,8) -> 0x60004022
A23: 🔵 Azul = bit editable (0 o 1) ⬜ Gris = fijo (no modificar) ↺ El valor HEX se recalcula automáticamente al cambiar cualquier bit azul

Sheet R3
A1: ADF4351 ▸ Reg 3 — Clock Divider (editar bits azules → hex se actualiza automáticamente)
A2: Campo / Bits | B2: 31 | C2: 30 | D2: 29 | E2: 28 | F2: 27 | G2: 26 | H2: 25 | I2: 24 | J2: 23 | K2: 22 | L2: 21 | M2: 20 | N2: 19 | O2: 18 | P2: 17 | Q2: 16 | R2: 15 | S2: 14 | T2: 13 | U2: 12 | V2: 11 | W2: 10 | X2: 9 | Y2: 8 | Z2: 7 | AA2: 6 | AB2: 5 | AC2: 4 | AD2: 3 | AE2: 2 | AF2: 1 | AG2: 0 | AH2: Nombre del campo | AI2: Descripción (valores válidos)
A3: Reserved | B3: 0 | C3: 0 | D3: 0 | E3: 0 | F3: 0 | G3: 0 | H3: 0 | I3: 0 | AH3: Reserved | AI3: Write 0
A4: Band Sel Clk Mode | J4: 0 | AH4: Band Sel Clk Mode | AI4: 0=Low (fPD≤125kHz), 1=High
A5: ABP | K5: 0 | AH5: ABP | AI5: 0=6ns Frac-N, 1=3ns Int-N
A6: Charge Cancel | L6: 0 | AH6: Charge Cancel | AI6: 0=OFF, 1=ON
A7: Reserved | M7: 0 | N7: 0 | AH7: Reserved | AI7: Write 00
A8: CSR Enable | O8: 0 | AH8: CSR Enable | AI8: 0=OFF, 1=Cycle Slip Reduction ON
A9: Reserved | P9: 0 | AH9: Reserved | AI9: Write 0
A10: CLK DIV Mode[1:0] | Q10: 0 | R10: 0 | AH10: CLK DIV Mode[1:0] | AI10: 00=OFF, 01=Fast Lock, 10=Phase Resync
A11: CLK DIV[11:0] | S11: 0 | T11: 0 | U11: 0 | V11: 0 | W11: 0 | X11: 0 | Y11: 0 | Z11: 0 | AA11: 0 | AB11: 0 | AC11: 0 | AD11: 0 | AH11: CLK DIV[11:0] | AI11: Clock divider value (Fast Lock / Phase Resync)
A12: CTRL[2:0] | AE12: 0 | AF12: 1 | AG12: 1 | AH12: CTRL[2:0] | AI12: Register address = 011 (fixed)
A14: ▶ VALOR DECIMAL | D14: =B3*2147483648+C3*1073741824+D3*536870912+E3*268435456+F3*134217728+G3*67108864+H3*33554432+I3*16777216+J4*8388608+K5*4194304+L6*2097152+M7*1048576+N7*524288+O8*262144+P9*131072+Q10*65536+R10*32768+S11*16384+T11*8192+U11*4096+V11*2048+W11*1024+X11*512+Y11*256+Z11*128+AA11*64+AB11*32+AC11*16+AD11*8+AE12*4+AF12*2+AG12*1 -> 3 | N14: ▶ HEXA | Q14: ="0x"&DEC2HEX(D14,8) -> 0x00000003
A15: 🔵 Azul = bit editable (0 o 1) ⬜ Gris = fijo (no modificar) ↺ El valor HEX se recalcula automáticamente al cambiar cualquier bit azul

Sheet R4
A1: ADF4351 ▸ Reg 4 — RF Output (editar bits azules → hex se actualiza automáticamente)
A2: Campo / Bits | B2: 31 | C2: 30 | D2: 29 | E2: 28 | F2: 27 | G2: 26 | H2: 25 | I2: 24 | J2: 23 | K2: 22 | L2: 21 | M2: 20 | N2: 19 | O2: 18 | P2: 17 | Q2: 16 | R2: 15 | S2: 14 | T2: 13 | U2: 12 | V2: 11 | W2: 10 | X2: 9 | Y2: 8 | Z2: 7 | AA2: 6 | AB2: 5 | AC2: 4 | AD2: 3 | AE2: 2 | AF2: 1 | AG2: 0 | AH2: Nombre del campo | AI2: Descripción (valores válidos)
A3: Reserved | B3: 0 | C3: 0 | D3: 0 | E3: 0 | F3: 0 | G3: 0 | H3: 0 | I3: 0 | AH3: Reserved | AI3: Write 0
A4: Feedback Select | J4: 1 | AH4: Feedback Select | AI4: 0=Divided, 1=Fundamental (recommended)
A5: RF Div Select[2:0] | K5: 0 | L5: 1 | M5: 0 | AH5: RF Div Select[2:0] | AI5: 000=÷1, 001=÷2, 010=÷4, 011=÷8, 100=÷16, 101=÷32, 110=÷64
A6: Band Sel Div[7:0] | N6: 0 | O6: 1 | P6: 0 | Q6: 1 | R6: 0 | S6: 0 | T6: 0 | U6: 0 | AH6: Band Sel Div[7:0] | AI6: Band select clock divider. fband=fPD/Div ≤125kHz
A7: VCO Power Down | V7: 0 | AH7: VCO Power Down | AI7: 0=VCO ON, 1=VCO Power Down
A8: MTLD | W8: 0 | AH8: MTLD | AI8: 0=Always ON, 1=Mute Till Lock Detect
A9: Aux Output En | X9: 0 | AH9: Aux Output En | AI9: 0=Disable RF OutB, 1=Enable
A10: Aux Output Sel | Y10: 0 | AH10: Aux Output Sel | AI10: 0=Divided output, 1=Fundamental
A11: Aux Output Pwr[1:0] | Z11: 0 | AA11: 0 | AH11: Aux Output Pwr[1:0] | AI11: 00=−4dBm, 01=−1dBm, 10=+2dBm, 11=+5dBm
A12: RF Output Enable | AB12: 1 | AH12: RF Output Enable | AI12: 0=RF OutA OFF, 1=RF OutA ON
A13: Output Power[1:0] | AC13: 1 | AD13: 1 | AH13: Output Power[1:0] | AI13: 00=−4dBm, 01=−1dBm, 10=+2dBm, 11=+5dBm
A14: CTRL[2:0] | AE14: 1 | AF14: 0 | AG14: 0 | AH14: CTRL[2:0] | AI14: Register address = 100 (fixed)
A16: ▶ VALOR DECIMAL | D16: =B3*2147483648+C3*1073741824+D3*536870912+E3*268435456+F3*134217728+G3*67108864+H3*33554432+I3*16777216+J4*8388608+K5*4194304+L5*2097152+M5*1048576+N6*524288+O6*262144+P6*131072+Q6*65536+R6*32768+S6*16384+T6*8192+U6*4096+V7*2048+W8*1024+X9*512+Y10*256+Z11*128+AA11*64+AB12*32+AC13*16+AD13*8+AE14*4+AF14*2+AG14*1 -> 10813500 | N16: ▶ HEXA | Q16: ="0x"&DEC2HEX(D16,8) -> 0x00A5003C
A17: 🔵 Azul = bit editable (0 o 1) ⬜ Gris = fijo (no modificar) ↺ El valor HEX se recalcula automáticamente al cambiar cualquier bit azul

Sheet R5
A1: ADF4351 ▸ Reg 5 — Lock Detect (editar bits azules → hex se actualiza automáticamente)
A2: Campo / Bits | B2: 31 | C2: 30 | D2: 29 | E2: 28 | F2: 27 | G2: 26 | H2: 25 | I2: 24 | J2: 23 | K2: 22 | L2: 21 | M2: 20 | N2: 19 | O2: 18 | P2: 17 | Q2: 16 | R2: 15 | S2: 14 | T2: 13 | U2: 12 | V2: 11 | W2: 10 | X2: 9 | Y2: 8 | Z2: 7 | AA2: 6 | AB2: 5 | AC2: 4 | AD2: 3 | AE2: 2 | AF2: 1 | AG2: 0 | AH2: Nombre del campo | AI2: Descripción (valores válidos)
A3: Reserved | B3: 0 | C3: 0 | D3: 0 | E3: 0 | F3: 0 | G3: 0 | H3: 0 | I3: 0 | AH3: Reserved | AI3: Write 0
A4: LD Pin Mode[1:0] | J4: 0 | K4: 1 | AH4: LD Pin Mode[1:0] | AI4: 00=Low, 01=Digital LD, 10=Low, 11=High
A5: Reserved | L5: 0 | M5: 0 | N5: 0 | AH5: Reserved | AI5: Write 000
A6: Reserved* | O6: 1 | P6: 1 | Q6: 0 | AH6: Reserved* | AI6: Write 110 (per datasheet)
A7: Reserved | R7: 0 | S7: 0 | T7: 0 | U7: 0 | V7: 0 | W7: 0 | X7: 0 | Y7: 0 | Z7: 0 | AA7: 0 | AB7: 0 | AC7: 0 | AD7: 0 | AH7: Reserved | AI7: Write 0
A8: CTRL[2:0] | AE8: 1 | AF8: 0 | AG8: 1 | AH8: CTRL[2:0] | AI8: Register address = 101 (fixed)
A10: ▶ VALOR DECIMAL | D10: =B3*2147483648+C3*1073741824+D3*536870912+E3*268435456+F3*134217728+G3*67108864+H3*33554432+I3*16777216+J4*8388608+K4*4194304+L5*2097152+M5*1048576+N5*524288+O6*262144+P6*131072+Q6*65536+R7*32768+S7*16384+T7*8192+U7*4096+V7*2048+W7*1024+X7*512+Y7*256+Z7*128+AA7*64+AB7*32+AC7*16+AD7*8+AE8*4+AF8*2+AG8*1 -> 4587525 | N10: ▶ HEXA | Q10: ="0x"&DEC2HEX(D10,8) -> 0x00460005
A11: 🔵 Azul = bit editable (0 o 1) ⬜ Gris = fijo (no modificar) ↺ El valor HEX se recalcula automáticamente al cambiar cualquier bit azul
